id,home_team,away_team,league,country,start_timestamp,start_time,status,venue,round,source
12436560,Brentford,Manchester United,Premier League,England,1746369000,16:30,Ended,,35,api
12436567,Brighton & Hove Albion,Newcastle United,Premier League,England,1746366300,15:45,Ended,,35,api
12436565,West Ham United,Tottenham Hotspur,Premier League,England,1746358200,13:30,Ended,,35,api
12436563,Chelsea,Liverpool,Premier League,England,1746369900,16:45,Ended,,35,api
12436561,Crystal Palace,Nottingham Forest,Premier League,England,1746468900,20:15,Not started,,35,api
12501512,Empoli,Lazio,Serie A,Italy,1746362700,14:45,Ended,,35,api
12501509,Monza,Atalanta,Serie A,Italy,1746369900,16:45,Ended,,35,api
12501516,Roma,Fiorentina,Serie A,Italy,1746370800,17:00,Ended,,35,api
12501520,Bologna,Juventus,Serie A,Italy,1746387000,21:30,Ended,,35,api
12501514,Genoa,Milan,Serie A,Italy,1746468000,20:00,Not started,,35,api
12437532,Real Madrid,Celta Vigo,LaLiga,Spain,1746353700,12:15,Ended,,34,api
12437546,Sevilla,Leganés,LaLiga,Spain,1746360900,14:15,Ended,,34,api
12437648,Espanyol,Real Betis,LaLiga,Spain,1746384300,20:45,Ended,,34,api
12437538,Real Sociedad,Athletic Club,LaLiga,Spain,1746383400,20:30,Ended,,34,api
12437537,Girona FC,Mallorca,LaLiga,Spain,1746475200,22:00,Not started,,34,api
12499517,FC Augsburg,Holstein Kiel,Bundesliga,Germany,1746363600,15:00,Ended,,32,api
12499515,SC Freiburg,Bayer 04 Leverkusen,Bundesliga,Germany,1746378900,19:15,Ended,,32,api
12499519,1. FSV Mainz 05,Eintracht Frankfurt,Bundesliga,Germany,1746386100,21:15,Ended,,32,api
12450271,Nantes,Angers,Ligue 1,France,1746361800,14:30,Ended,,32,api
12450274,Auxerre,Le Havre,Ligue 1,France,1746369000,16:30,Ended,,32,api
12450230,Olympique Lyonnais,RC Lens,Ligue 1,France,1746380700,19:45,Ended,,32,api
12450229,Stade Brestois,Montpellier,Ligue 1,France,1746380700,19:45,Ended,,32,api
12450228,Lille,Olympique de Marseille,Ligue 1,France,1746383400,20:30,Ended,,32,api
12513665,FC Arouca,Casa Pia,Liga Portugal Betclic,Portugal,1746374400,18:00,Ended,,32,api
12513658,Sporting,Gil Vicente,Liga Portugal Betclic,Portugal,1746382500,20:15,Ended,,32,api
12513663,Rio Ave,CF Estrela Amadora,Liga Portugal Betclic,Portugal,1746469800,20:30,Postponed,,32,api
12513671,AVS - Futebol SAD,Boavista,Liga Portugal Betclic,Portugal,1746478800,23:00,Not started,,32,api
12441686,NAC Breda,PEC Zwolle,Eredivisie,Netherlands,1746351900,11:45,Ended,,31,api
12441681,Go Ahead Eagles,AZ Alkmaar,Eredivisie,Netherlands,1746357300,13:15,Ended,,31,api
12441697,Sparta Rotterdam,FC Twente,Eredivisie,Netherlands,1746369900,16:45,Ended,,31,api
13473404,Grêmio,Santos,Brasileirão Betano,Brazil,1746387900,21:45,Ended,,7,api
13473399,Vasco da Gama,Palmeiras,Brasileirão Betano,Brazil,1746393300,23:15,Ended,,7,api
13473403,Cruzeiro,Flamengo,Brasileirão Betano,Brazil,1746401400,01:30,Ended,,7,api
13473402,Red Bull Bragantino,Mirassol,Brasileirão Betano,Brazil,1746480600,23:30,Not started,,7,api
13473407,Juventude,Atlético Mineiro,Brasileirão Betano,Brazil,1746483300,00:15,Not started,,7,api
12530665,Samsunspor,Eyüpspor,Super Lig,Turkey,1746365400,15:30,Ended,,34,api
12530659,Adana Demirspor,Göztepe,Super Lig,Turkey,1746378000,19:00,Ended,,34,api
12530664,Fenerbahçe,Beşiktaş,Super Lig,Turkey,1746378900,19:15,Ended,,34,api
12530668,Kasımpaşa,Trabzonspor,Super Lig,Turkey,1746472500,21:15,1st half,,34,api
13631400,Standard Liège,RC Sporting Charleroi,"First Division, Conference League Playoffs",Belgium,1746366300,15:45,Ended,,7,api
13631424,Sint-Truidense VV,K. Beerschot V.A.,"First Division, Relegation Round",Belgium,1746373500,17:45,Ended,,5,api
13589191,AEK Athens,Panathinaikos,"Super League, Championship Round",Greece,1746385200,21:00,Ended,,5,api
13589190,Olympiacos FC,PAOK,"Super League, Championship Round",Greece,1746382500,20:15,Ended,,5,api
13589433,Athens Kallithea FC,Panetolikos,"Super League, Relegation Round",Greece,1746452700,15:45,Ended,,6,api
13589455,MGS Panserraikos,NPS Volos,"Super League, Relegation Round",Greece,1746452700,15:45,Ended,,6,api
13589456,PAS Lamia 1964,APO Levadiakos,"Super League, Relegation Round",Greece,1746465300,19:15,1st half,,6,api
13765453,Rangers,Celtic,"Premiership, Championship Round",Scotland,1746354600,12:30,Ended,,35,api
12403321,NK Slaven Belupo,NK Osijek,HNL,Croatia,1746370800,17:00,Ended,,33,api
12403326,HNK Rijeka,HNK Gorica,HNL,Croatia,1746379800,19:30,Ended,,33,api
13732223,FK Novi Pazar,FK Partizan,"Super Liga, Championship Round",Serbia,1746363600,15:00,Ended,,4,api
13732220,FK Radnički 1923,FK Mladost Lučani,"Super Liga, Championship Round",Serbia,1746378900,19:15,Ended,,4,api
13732275,FK IMT Beograd,FK Železničar Pančevo,"Superliga, Relegation Round",Serbia,1746369900,16:45,Ended,,4,api
13732279,FK Jedinstvo Ub,FK Spartak Subotica,"Superliga, Relegation Round",Serbia,1746360000,14:00,Ended,,4,api
13299409,New York City FC,FC Cincinnati,MLS,USA,1746380700,19:45,Ended,,,api
13299410,Sporting Kansas City,LA Galaxy,MLS,USA,1746407700,03:15,Ended,,,api
12465954,Levante UD,CD Tenerife,LaLiga 2,Spain,1746369000,16:30,Ended,,38,api
12465952,Racing de Ferrol,Real Zaragoza,LaLiga 2,Spain,1746370800,17:00,Ended,,38,api
12465955,Almería,CD Eldense,LaLiga 2,Spain,1746381600,20:00,Ended,,38,api
12465945,FC Cartagena,Racing de Santander,LaLiga 2,Spain,1746367200,16:00,Ended,,38,api
12465958,Deportivo La Coruña,Albacete Balompié,LaLiga 2,Spain,1746381600,20:00,Ended,,38,api
12465950,CD Castellón,Sporting Gijón,LaLiga 2,Spain,1746468000,20:00,Not started,,38,api
12499178,1. FC Nürnberg,SV 07 Elversberg,2. Bundesliga,Germany,1746363600,15:00,Ended,,32,api
12499206,Hertha BSC,SpVgg Greuther Fürth,2. Bundesliga,Germany,1746363600,15:00,Ended,,32,api
12499209,Karlsruher SC,1. FC Kaiserslautern,2. Bundesliga,Germany,1746358200,13:30,Ended,,32,api
13525887,Atlético Goianiense,Novorizontino,Brasileirão Série B,Brazil,1746377100,18:45,Ended,,6,api
13525888,Athletico,Botafogo-SP,Brasileirão Série B,Brazil,1746400500,01:15,Ended,,6,api
13525889,Chapecoense,Criciúma,Brasileirão Série B,Brazil,1746392400,23:00,Ended,,6,api
13525890,Operário-PR,América Mineiro,Brasileirão Série B,Brazil,1746403200,02:00,Ended,,6,api
13525886,Goiás,Avaí,Brasileirão Série B,Brazil,1746480600,23:30,Not started,,6,api
12527844,Bari,Pisa,Serie B,Italy,1746372600,17:30,Ended,,37,api
12527846,Brescia,Juve Stabia,Serie B,Italy,1746370800,17:00,Ended,,37,api
12527848,Carrarese,Modena,Serie B,Italy,1746364500,15:15,Ended,,37,api
12527849,Catanzaro,Sampdoria,Serie B,Italy,1746366300,15:45,Ended,,37,api
12527850,Cesena,Palermo,Serie B,Italy,1746356400,13:00,Ended,,37,api
12527852,Frosinone,Cittadella,Serie B,Italy,1746355500,12:45,Ended,,37,api
12527853,Reggiana,Spezia,Serie B,Italy,1746360000,14:00,Ended,,37,api
12527854,Salernitana,Mantova,Serie B,Italy,1746354600,12:30,Ended,,37,api
12527855,Südtirol,Cosenza,Serie B,Italy,1746357300,13:15,Ended,,37,api
12527851,Cremonese,Sassuolo,Serie B,Italy,1746375300,18:15,Ended,,37,api
12596343,Amed Sportif Faaliyetler,Adanaspor,1. Lig,Turkey,1746370800,17:00,Ended,,37,api
12596342,Boluspor,Yeni Malatyaspor,1. Lig,Turkey,1746360000,14:00,Ended,,37,api
12596350,Erzurumspor FK,Ümraniyespor,1. Lig,Turkey,1746366300,15:45,Ended,,37,api
12596349,Esenler Erokspor,İstanbulspor,1. Lig,Turkey,1746355500,12:45,Ended,,37,api
12596344,Gençlerbirliği,Sakaryaspor,1. Lig,Turkey,1746366300,15:45,Ended,,37,api
12596345,Iğdır FK,Kocaelispor,1. Lig,Turkey,1746363600,15:00,Ended,,37,api
12596355,Keçiörengücü,MKE Ankaragücü,1. Lig,Turkey,1746370800,17:00,Ended,,37,api
12596347,Manisa FK,Bandırmaspor,1. Lig,Turkey,1746367200,16:00,Ended,,37,api
12596348,Pendikspor,Fatih Karagümrük,1. Lig,Turkey,1746368100,16:15,Ended,,37,api
12596351,Çorum FK,Şanlıurfaspor,1. Lig,Turkey,1746369900,16:45,Ended,,37,api
13629506,FC Blau Weiss Linz,SK Sturm Graz,"Bundesliga, Championship Round",Austria,1746362700,14:45,Ended,,29,api
13629489,SK Rapid Wien,Wolfsberger AC,"Bundesliga, Championship Round",Austria,1746362700,14:45,Ended,,29,api
13629499,Red Bull Salzburg,Austria Wien,"Bundesliga, Championship Round",Austria,1746373500,17:45,Ended,,29,api
13629500,TSV Hartberg,SC Rheindorf Altach,"Bundesliga, Relegation Round",Austria,1746360900,14:15,Ended,,29,api
13400428,Dalian Yingbo FC,Beijing Guoan,Chinese Super League,China,1746434700,10:45,Ended,,11,api
13400429,Henan FC Jiuzu Dukang,Tianjin Jinmen Tiger,Chinese Super League,China,1746441000,12:30,Ended,,11,api
13400430,Wuhan Three Towns,Shanghai Port,Chinese Super League,China,1746435600,11:00,Ended,,11,api
13400433,Chengdu Rongcheng,Zhejiang,Chinese Super League,China,1746444900,13:35,Ended,,11,api
13400432,Qingdao Hainiu,Changchun Yatai,Chinese Super League,China,1746442200,12:50,Ended,,11,api
13400441,Yunnan Yukun,Shandong Taishan,Chinese Super League,China,1746442800,13:00,Ended,,11,api
13400445,Meizhou Hakka,Shanghai Shenhua,Chinese Super League,China,1746536400,15:00,Not started,,11,api
13400440,Qingdao West Coast,Shenzhen Peng City,Chinese Super League,China,1746530400,13:20,Not started,,11,api
13443567,Deportes Iquique,Huachipato,Liga de Primera,Chile,1746384300,20:45,Ended,,10,api
13443559,Audax Italiano,Deportes La Serena,Liga de Primera,Chile,1746386100,21:15,Ended,,10,api
13443561,Ñublense,Unión La Calera,Liga de Primera,Chile,1746408600,03:30,Ended,,10,api
13358755,Deportivo Pasto,Fortaleza CEIF,"Primera A, Apertura",Colombia,1746392400,23:00,Ended,,17,api
13358753,Independiente Medellín,Atlético Nacional,"Primera A, Apertura",Colombia,1746393000,23:10,Ended,,17,api
13358760,Unión Magdalena,Once Caldas,"Primera A, Apertura",Colombia,1746400800,01:20,Abandoned,,17,api
13358764,Rionegro Águilas Doradas,Deportivo Pereira,"Primera A, Apertura",Colombia,1746401400,01:30,Ended,,17,api
13358758,Boyacá Chicó FC,Envigado FC,"Primera A, Apertura",Colombia,1746489600,02:00,Not started,,17,api
13790895,AC Sparta Praha,FK Jablonec,"Chance Liga, Championship",Czech Republic,1746380700,19:45,Ended,,2,api
13790944,1. FC Slovácko,SK Dynamo České Budějovice,"Chance Liga, Relegation",Czech Republic,1746353700,12:15,Ended,,2,api
13790943,Mladá Boleslav,FK Teplice,"Chance Liga, Relegation",Czech Republic,1746358200,13:30,Ended,,2,api
13790917,Bohemians Praha 1905,FC Slovan Liberec,"Chance Liga, Europa Playoffs",Czech Republic,1746360900,14:15,Ended,,1,api
12400486,Piast Gliwice,Radomiak Radom,Ekstraklasa,Poland,1746360900,14:15,Ended,,31,api
12400478,Cracovia,KS Lechia Gdańsk,Ekstraklasa,Poland,1746371700,17:15,Ended,,31,api
12400463,Jagiellonia Białystok,Górnik Zabrze,Ekstraklasa,Poland,1746367200,16:00,Ended,,31,api
12400473,Pogoń Szczecin,Motor Lublin,Ekstraklasa,Poland,1746380700,19:45,Postponed,,31,api
12400537,Widzew Łódź,Legia Warszawa,Ekstraklasa,Poland,1746381600,20:00,Postponed,,31,api
12400475,MKS Korona Kielce,GKS Katowice,Ekstraklasa,Poland,1746457200,17:00,1st half,,31,api
13638556,Brøndby IF,FC København,"Superligaen, Championship round",Denmark,1746366300,15:45,Ended,,29,api
13638430,FC Midtjylland,AGF,"Superligaen, Championship round",Denmark,1746380700,19:45,Ended,,29,api
13638551,Lyngby,Viborg FF,"Superligaen, Relegation round",Denmark,1746359100,13:45,Ended,,29,api
13638547,Silkeborg IF,Vejle,"Superligaen, Relegation round",Denmark,1746356400,13:00,Ended,,29,api
13638426,Sønderjyske Fodbold,AaB,"Superligaen, Relegation round",Denmark,1746468900,20:15,1st half,,29,api
13737761,Academia del Balompié Boliviano,Bolívar,División Profesional,Bolivia,1746390600,22:30,Ended,,6,api
13737771,Jorge Wilstermann,Club Always Ready,División Profesional,Bolivia,1746389700,22:15,Ended,,6,api
13737770,Blooming,GV San José,División Profesional,Bolivia,1746395100,23:45,Ended,,6,api
13737773,CDT Real Oruro,FC Universitario de Vinto,División Profesional,Bolivia,1746464400,19:00,Not started,,6,api
13378644,Delfín,Orense SC,"LigaPro Serie A, Primera Etapa",Ecuador,1746383400,20:30,Ended,,11,api
13378641,Barcelona SC,Vinotinto Fútbol Club,"LigaPro Serie A, Primera Etapa",Ecuador,1746398700,00:45,Ended,,11,api
13378638,Independiente Del Valle,Emelec,"LigaPro Serie A, Primera Etapa",Ecuador,1746402300,01:45,Ended,,11,api
13378645,Aucas,Libertad,"LigaPro Serie A, Primera Etapa",Ecuador,1746492300,02:45,Not started,,11,api
13575577,Pharco FC,Pyramids FC,"Premier League, Championship Round",Egypt,1746361800,14:30,Ended,,21,api
13573878,Al Ahly FC,Haras El Hedoud,"Premier League, Championship Round",Egypt,1746369000,16:30,Ended,,21,api
13573875,Petrojet,Ceramica Cleopatra,"Premier League, Championship Round",Egypt,1746451800,15:30,Ended,,21,api
13573893,National Bank of Egypt,Zamalek SC,"Premier League, Championship Round",Egypt,1746465300,19:15,1st half,,21,api
13250762,Drogheda United,Cork City,Premier Division,Ireland,1746465300,19:15,2nd half,,14,api
13250763,Galway United,Bohemian FC,Premier Division,Ireland,1746461700,18:15,2nd half,,14,api
13250765,Shelbourne,Waterford FC,Premier Division,Ireland,1746459900,17:45,2nd half,,14,api
13250764,Shamrock Rovers,Sligo Rovers,Premier Division,Ireland,1746467100,19:45,Not started,,14,api
13250760,Derry City,St. Patrick's Athletic,Premier Division,Ireland,1746472500,21:15,Not started,,14,api
13383677,Avispa Fukuoka,Kashima Antlers,J.League,Japan,1746500400,05:00,Not started,,15,api
13383675,Nagoya Grampus,Fagiano Okayama,J.League,Japan,1746515700,09:15,Not started,,15,api
13383672,Urawa Red Diamonds,Gamba Osaka,J.League,Japan,1746498600,04:30,Not started,,15,api
13383685,Vissel Kobe,Cerezo Osaka,J.League,Japan,1746508500,07:15,Not started,,15,api
13383680,Kashiwa Reysol,Shimizu S-Pulse,J.League,Japan,1746522000,11:00,Not started,,15,api
13383681,Tokyo Verdy,Yokohama FC,J.League,Japan,1746507600,07:00,Not started,,15,api
13292880,Molde FK,Haugesund,Eliteserien,Norway,1746361800,14:30,Ended,,5,api
13292881,Strømsgodset,Kristiansund BK,Eliteserien,Norway,1746379800,19:30,Ended,,5,api
13292882,Tromsø IL,Sandefjord Fotball,Eliteserien,Norway,1746379800,19:30,Ended,,5,api
13292883,Viking FK,Sarpsborg 08,Eliteserien,Norway,1746361800,14:30,Ended,,5,api
13292884,Rosenborg BK,Bryne FK,Eliteserien,Norway,1746379800,19:30,Ended,,5,api
13741839,Sport Boys,Alianza Universidad,"Liga 1, Apertura",Peru,1746375300,18:15,Ended,,11,api
13741899,Alianza Atlético de Sullana,Asociación Deportiva Tarma,"Liga 1, Apertura",Peru,1746381600,20:00,Ended,,11,api
13811574,Deportivo Binacional,Los Chankas CYC,"Liga 1, Apertura",Peru,1746403200,02:00,Ended,,11,api
13780320,FCSB,FC Dinamo București,"Super Liga, Championship round",Romania,1746462600,18:30,Not started,,7,api
13592386,SC Oțelul Galați,FC Hermannstadt,"Super Liga, Relegation round",Romania,1746381600,20:00,Ended,,7,api
13592395,UTA Arad,FC Petrolul Ploieşti,"Super Liga, Relegation round",Romania,1746450900,15:15,Ended,,7,api
13292427,Djurgårdens IF,AIK,Allsvenskan,Sweden,1746352800,12:00,Ended,,7,api
13292456,IFK Norrköping,BK Häcken,Allsvenskan,Sweden,1746362700,14:45,Ended,,7,api
13292450,Mjällby AIF,IFK Göteborg,Allsvenskan,Sweden,1746368100,16:15,Ended,,7,api
13292439,Östers IF,Hammarby IF,Allsvenskan,Sweden,1746363600,15:00,Ended,,7,api
13292445,Malmö FF,IF Brommapojkarna,Allsvenskan,Sweden,1746462600,18:30,1st half,,7,api
13292432,IF Elfsborg,GAIS Göteborg,Allsvenskan,Sweden,1746470400,20:40,1st half,,7,api
12659620,TS Galaxy,Richards Bay FC,Premiership,South Africa,1746360900,14:15,Ended,,28,api
13278618,Monterey Bay FC,Miami FC,USL Championship,USA,1746396000,00:00,Ended,,1,api
13278613,Oakland Roots SC,Sacramento Republic FC,USL Championship,USA,1746403200,02:00,Ended,,1,api
13278940,Portland Hearts of Pine,One Knoxville SC,"USL, League One",USA,1746394200,23:30,Ended,,,api
13278941,Spokane Velocity FC,Westchester SC,"USL, League One",USA,1746400500,01:15,Ended,,,api
12684034,Fakel Voronezh,FC Spartak Moscow,Premier League,Russia,1746360900,14:15,Ended,,27,api
12448104,Akhmat Grozny,CSKA Moscow,Premier League,Russia,1746360000,14:00,Ended,,27,api
12448098,FC Khimki,FC Rostov,Premier League,Russia,1746375300,18:15,Ended,,27,api
12448095,Zenit St. Petersburg,Pari Nizhny Novgorod,Premier League,Russia,1746369900,16:45,Ended,,27,api
12448101,Krylya Sovetov Samara,Dynamo Moscow,Premier League,Russia,1746468000,20:00,2nd half,,27,api
13490808,NJ/NY Gotham FC,Chicago Stars FC,NWSL,USA,1746371700,17:15,Ended,,7,api
13490809,San Diego Wave FC,Bay FC,NWSL,USA,1746404100,02:15,Ended,,7,api
13335311,Gwangju FC,Gimcheon Sangmu FC,K-League 1,South Korea,1746433800,10:30,Ended,,12,api
13335312,Ulsan HD,Pohang Steelers,K-League 1,South Korea,1746425700,08:15,Ended,,12,api
13335313,Jeonbuk Hyundai Motors,Daejeon Hana Citizen,K-League 1,South Korea,1746505800,06:30,Not started,,12,api
13335314,Jeju SK,Gangwon FC,K-League 1,South Korea,1746520200,10:30,Not started,,12,api
13335315,FC Anyang,FC Seoul,K-League 1,South Korea,1746533700,14:15,Not started,,12,api
13335316,Suwon FC,Daegu FC,K-League 1,South Korea,1746522900,11:15,Not started,,12,api
13522881,Busan I Park,Chungnam Asan FC,K-League 2,South Korea,1746343800,09:30,Ended,,10,api
13522882,Hwaseong FC,Cheonan City FC,K-League 2,South Korea,1746343800,09:30,Ended,,10,api
13685996,Al-Wahda FC,Al-Sharjah,Pro League,United Arab Emirates,1746369300,16:35,Ended,,23,api
13685993,Al-Ain,Al-Jazira,Pro League,United Arab Emirates,1746374400,18:00,Ended,,23,api
13685989,Al Bataeh,Baniyas,Pro League,United Arab Emirates,1746462000,18:20,Ended,,23,api
13685995,Ajman,Al-Orooba,Pro League,United Arab Emirates,1746459000,17:30,1st half,,23,api
12592806,Liverpool FC,Everton,Women's Super League,England,1746359100,13:45,Ended,,21,api
12592805,Manchester United,Manchester City,Women's Super League,England,1746355500,12:45,Ended,,21,api
12592807,Crystal Palace,Leicester City,Women's Super League,England,1746363600,15:00,Ended,,21,api
12592804,Tottenham FC,Chelsea FC,Women's Super League,England,1746368100,16:15,Ended,,21,api
12592803,West Ham,Aston Villa,Women's Super League,England,1746366300,15:45,Ended,,21,api
12592808,Brighton,Arsenal,Women's Super League,England,1746449100,14:45,Ended,,21,api
13482621,AS Roma,Milan,"Serie A, Women, Championship Round",Italy,1746361800,14:30,Ended,,9,api
12583756,Eintracht Frankfurt,TSG Hoffenheim,Frauen-Bundesliga,Germany,1746362700,14:45,Ended,,21,api
12583761,SV Werder Bremen,1. FC Köln,Frauen-Bundesliga,Germany,1746382500,20:15,Ended,,21,api
12583759,FC Carl Zeiss Jena,FC Bayern München,Frauen-Bundesliga,Germany,1746464400,19:00,2nd half,,21,api
12716856,Atlético Madrid,Athletic Bilbao,Liga F,Spain,1746344700,09:45,Ended,,28,api
12716849,Madrid CFF,FC Levante Badalona,Liga F,Spain,1746358200,13:30,Ended,,28,api
12716860,Granada,Real Madrid,Liga F,Spain,1746372600,17:30,Ended,,28,api
12716845,Barcelona,Deportivo Abanca,Liga F,Spain,1746375300,18:15,Ended,,28,api
12448197,Diósgyőri VTK,Zalaegerszegi TE,NB I,Hungary,1746360000,14:00,Ended,,30,api
12448199,Kecskemét TE,Nyiregyháza Spartacus,NB I,Hungary,1746366300,15:45,Ended,,30,api
12448203,Fehérvár FC,Paksi FC,NB I,Hungary,1746379800,19:30,Ended,,30,api
13280663,Gimnasia y Esgrima,Platense,"Primera LPF, Apertura",Argentina,1746384300,20:45,Ended,,16,api
13280668,San Martín de San Juan,Aldosivi,"Primera LPF, Apertura",Argentina,1746378000,19:00,Ended,,16,api
13280654,Tigre,Boca Juniors,"Primera LPF, Apertura",Argentina,1746396000,00:00,Ended,,16,api
13280666,River Plate,Vélez Sarsfield,"Primera LPF, Apertura",Argentina,1746398700,00:45,Ended,,16,api
13445535,Deportivo Maipú,Alvarado,"Primera Nacional, Group A",Argentina,1746391500,22:45,Ended,,13,api
13445537,Tristán Suárez,Arsenal de Sarandí,"Primera Nacional, Group A",Argentina,1746390000,22:20,Ended,,13,api
13445536,Gimnasia y Tiro de Salta,All Boys,"Primera Nacional, Group A",Argentina,1746397800,00:30,Ended,,13,api
13445540,Patronato,Racing de Córdoba,"Primera Nacional, Group A",Argentina,1746395100,23:45,Ended,,13,api
13445549,Club Atlético Chacarita Juniors,Chaco For Ever,"Primera Nacional, Group B",Argentina,1746373500,17:45,Ended,,13,api
13445545,Talleres Remedios de Escalada,Temperley,"Primera Nacional, Group B",Argentina,1746375300,18:15,Ended,,13,api
13445547,Estudiantes de Río Cuarto,Club Atletico Colón,"Primera Nacional, Group B",Argentina,1746376200,18:30,Ended,,13,api
13445552,Gimnasia Jujuy,Gimnasia y Esgrima Mendoza,"Primera Nacional, Group B",Argentina,1746376200,18:30,Ended,,13,api
13445543,Nueva Chicago,Estudiantes de Buenos Aires,"Primera Nacional, Group B",Argentina,1746479100,23:05,Not started,,13,api
13834403,Agropecuario Argentino,Central Norte de Salta,"Primera Nacional, Group B",Argentina,1746480600,23:30,Not started,,13,api
13833577,Defensores de Belgrano,Mitre,"Primera Nacional, Group B",Argentina,1746481200,23:40,Not started,,13,api
12797962,Qarabağ,Sumqayıt FK,Premier League,Azerbaijan,1746370800,17:00,Ended,,33,api
12797977,Neftçi Baku PFK,Kəpəz PFK,Premier League,Azerbaijan,1746378900,19:15,Ended,,33,api
13505312,Gomel,FC Isloch Minsk Region,Vysshaya League,Belarus,1746357300,13:15,Ended,,7,api
13505315,SFK Slutsk,FC Minsk,Vysshaya League,Belarus,1746359100,13:45,Ended,,7,api
13451250,Club Brugge KV,RSC Anderlecht,Beker van Belgie,Belgium,1746378900,19:15,Ended,,29,api
13666692,FK Željezničar,FK Sloboda Tuzla,WWIN Liga BiH,Bosnia & Herzegovina,1746361800,14:30,Ended,,29,api
13666736,FK Radnik Bijeljina,GOŠK Gabela,WWIN Liga BiH,Bosnia & Herzegovina,1746385200,21:00,Ended,,29,api
13557270,Floresta,Retrô,Brasileirão Série C,Brazil,1746384300,20:45,Ended,,4,api
13557266,Ypiranga FC,CSA,Brasileirão Série C,Brazil,1746392400,23:00,Ended,,4,api
13557262,Guarani,Botafogo-PB,Brasileirão Série C,Brazil,1746396900,00:15,Ended,,4,api
13557260,Náutico,Brusque,Brasileirão Série C,Brazil,1746403200,02:00,Ended,,4,api
13557268,Figueirense,Caxias,Brasileirão Série C,Brazil,1746476100,22:15,Not started,,4,api
13557264,São Bernardo,Londrina,Brasileirão Série C,Brazil,1746477000,22:30,Not started,,4,api
13790729,Cherno More Varna,Arda Kardzhali,"First Professional League, Championship Round",Bulgaria,1746360900,14:15,Ended,,32,api
13792050,Botev Plovdiv,FK Spartak Varna,"First Professional League, Qualifying Round",Bulgaria,1746375300,18:15,Ended,,32,api
13809657,Santiago Morning,Antofagasta,Liga de Ascenso,Chile,1746378900,19:15,Ended,,9,api
13809653,Deportes Copiapó,Deportes Temuco,Liga de Ascenso,Chile,1746384300,20:45,Ended,,9,api
13809660,Santiago Wanderers,San Luis de Quillota,Liga de Ascenso,Chile,1746399600,01:00,Ended,,9,api
13809651,Deportes Magallanes,Deportes Santa Cruz,Liga de Ascenso,Chile,1746463500,18:45,Not started,,9,api
13563515,Shanghai Jiading Huilong,Yanbian Longding,Chinese League 1,China,1746356400,13:00,Ended,,7,api
13563510,Foshan Nanshi,Qingdao Red Lions,Chinese League 1,China,1746354600,12:30,Ended,,7,api
13563504,Shijiazhuang Gongfu,Guangzhou E-Power FC,Chinese League 1,China,1746355500,12:45,Ended,,7,api
13358709,Internacional de Palmira,Orsomarso,"Primera B, Apertura",Colombia,1746380700,19:45,Ended,,14,api
13358715,Boca Juniors de Cali,Atlético Cali,"Primera B, Apertura",Colombia,1746477000,22:30,Not started,,14,api
13828035,Leones FC,Jaguares de Córdoba,"Primera B, Apertura",Colombia,1746473400,21:30,Not started,,14,api
13828569,Atlético Huila,Patriotas Boyacá,"Primera B, Apertura",Colombia,1746489600,02:00,Not started,,14,api
13415750,Real Cundinamarca,Bogotá FC,"Primera B, Apertura",Colombia,1746497700,04:15,Not started,,14,api
13321474,Municipal Santa Ana,LD Alajuelense,"Primera División, Clausura",Costa Rica,1746374400,18:00,Ended,,21,api
13321471,Deportivo Saprissa,AD Guanacasteca,"Primera División, Clausura",Costa Rica,1746388800,22:00,Postponed,,21,api
13775899,AEK Larnaca,APOEL Nicosia,"Cyprus League by Stoiximan, Championship group",Cyprus,1746371700,17:15,Ended,,8,api
13775903,Omonia Nicosia,Apollon Limassol,"Cyprus League by Stoiximan, Championship group",Cyprus,1746378000,19:00,Ended,,8,api
13775901,Pafos FC,Aris Limassol,"Cyprus League by Stoiximan, Championship group",Cyprus,1746371700,17:15,Ended,,8,api
13763711,ALS Omonia,Nea Salamina Famagusta,"Cyprus League by Stoiximan, Relegation group",Cyprus,1746463500,18:45,2nd half,,6,api
13763714,Anorthosis Famagusta,Enosis Neon Paralimniou,"Cyprus League by Stoiximan, Relegation group",Cyprus,1746457200,17:00,2nd half,,6,api
13763712,Karmiotissa Polemidion,Omonia Aradippou,"Cyprus League by Stoiximan, Relegation group",Cyprus,1746459900,17:45,2nd half,,6,api
13645636,HB Køge,FC Roskilde,"1. Division, Relegation Round",Denmark,1746373500,17:45,Ended,,29,api
12526196,AFC Fylde,Barnet,National League,England,1746448200,14:30,Ended,,46,api
12526044,Aldershot Town,Yeovil Town,National League,England,1746457200,17:00,Ended,,46,api
12526050,Altrincham,Tamworth,National League,England,1746453600,16:00,Ended,,46,api
12526198,Braintree Town,Rochdale,National League,England,1746454500,16:15,Ended,,46,api
12526049,Eastleigh,York City,National League,England,1746461700,18:15,Ended,,46,api
12526055,Gateshead,Southend United,National League,England,1746452700,15:45,Ended,,46,api
12526048,Hartlepool United,Forest Green Rovers,National League,England,1746444600,13:30,Ended,,46,api
12526057,Maidenhead United,Boston United,National League,England,1746459900,17:45,Ended,,46,api
12526046,Oldham Athletic,Ebbsfleet United,National League,England,1746456300,16:45,Ended,,46,api
12526054,Solihull Moors,Dagenham & Redbridge,National League,England,1746449100,14:45,Ended,,46,api
12526051,Sutton United,Woking,National League,England,1746454500,16:15,Ended,,46,api
12526052,Wealdstone,FC Halifax Town,National League,England,1746449100,14:45,Ended,,46,api
13851554,26ers,M7 Football Club,Baller League UK,England,1746460800,18:00,2nd half,,7,api
13851555,Trebol FC,N5 FC,Baller League UK,England,1746474600,21:50,Not started,,7,api
13851556,SDS FC,Yanited,Baller League UK,England,1746468000,20:00,Not started,,7,api
13851557,VZN FC,FC Rules the World,Baller League UK,England,1746470700,20:45,Not started,,7,api
13851558,Santan FC,Deportrio,Baller League UK,England,1746470400,20:40,Not started,,7,api
13851559,MVPs United,Wembley Rangers,Baller League UK,England,1746483300,00:15,Not started,,7,api
13554410,Nõmme Kalju,FCI Levadia Tallinn,Premium Liiga,Estonia,1746360000,14:00,Ended,,11,api
13554411,Paide Linnameeskond,FC Kuressaare,Premium Liiga,Estonia,1746358200,13:30,Ended,,11,api
13378477,KäPa,Jippo Joensuu,Ykkosliiga,Finland,1746370800,17:00,Ended,,3,api
12523253,Energie Cottbus,SV Waldhof Mannheim,3. Liga,Germany,1746366300,15:45,Ended,,36,api
12523251,Erzgebirge Aue,FC Ingolstadt 04,3. Liga,Germany,1746376200,18:30,Ended,,36,api
12523255,Hannover 96 II U23,SpVgg Unterhaching,3. Liga,Germany,1746387900,21:45,Ended,,36,api
12568387,FC Teutonia 05 Ottensen,SV Meppen,Regionalliga North,Germany Amateur,1746365400,15:30,Ended,,32,api
12568402,Eintracht Norderstedt,1.FC Phönix Lübeck,Regionalliga North,Germany Amateur,1746360900,14:15,Postponed,,32,api
12568382,Holstein Kiel II U23,Hamburger SV II U23,Regionalliga North,Germany Amateur,1746362700,14:45,Ended,,32,api
12568405,Bremer SV,SV Werder Bremen II U23,Regionalliga North,Germany Amateur,1746364500,15:15,Ended,,32,api
12505511,BSG Chemie Leipzig,Hertha BSC II U23,Regionalliga Northeast,Germany Amateur,1746364500,15:15,Ended,,32,api
12505591,Greifswalder FC,FC Eilenburg,Regionalliga Northeast,Germany Amateur,1746352800,12:00,Ended,,32,api
12505509,SV Babelsberg 03,FC Carl Zeiss Jena,Regionalliga Northeast,Germany Amateur,1746360000,14:00,Postponed,,32,api
12505518,ZFC Meuselwitz,FSV Zwickau,Regionalliga Northeast,Germany Amateur,1746366300,15:45,Ended,,32,api
12531350,Eintracht Trier,1. FSV Mainz 05 II U23,Regionalliga Southwest,Germany Amateur,1746368100,16:15,Ended,,32,api
13380081,Accra Hearts of Oak,Asante Kotoko SC,Premier League,Ghana,1746374400,18:00,Ended,,30,api
13380072,Aduana Stars FC,Berekum Chelsea,Premier League,Ghana,1746376200,18:30,Ended,,30,api
13380075,Bechem United,Legon Cities,Premier League,Ghana,1746368100,16:15,Ended,,30,api
13380089,Bibiani Gold Stars FC,Karela United,Premier League,Ghana,1746362700,14:45,Ended,,30,api
13380073,Heart of Lions,Samartex,Premier League,Ghana,1746372600,17:30,Ended,,30,api
13380235,Nations FC,Accra Lions FC,Premier League,Ghana,1746367200,16:00,Ended,,30,api
13380233,Young Apostles FC,Basake Holy Stars FC,Premier League,Ghana,1746365400,15:30,Ended,,30,api
13480370,AE Kifisia,GS Ilioupolis,"Super League 2, Championship Round, Group B",Greece,1746367200,16:00,Ended,,10,api
13480378,Kalamata FC,AO Egaleo,"Super League 2, Championship Round, Group B",Greece,1746365400,15:30,Ended,,10,api
13480388,APO Panargiakos,GE Panachaiki,"Super League 2, Relegation Round, Group B",Greece,1746358200,13:30,Canceled,,10,api
13480360,Chania FC,Asteras Aktor B,"Super League 2, Relegation Round, Group B",Greece,1746363600,15:00,Ended,,10,api
13830171,CSD Municipal,Deportivo Mixco,"Liga Guate Banrural, Clausura Playoffs",Guatemala,1746391500,22:45,Ended,,27,api
13830188,Comunicaciones FC,CD Marquense,"Liga Guate Banrural, Clausura Playoffs",Guatemala,1746405000,02:30,Ended,,27,api
13306019,ÍBV Vestmannaeyjar,IF Vestri,Efsta deild,Iceland,1746374400,18:00,Ended,,5,api
13306020,ÍA Akranes,KA Akureyri,Efsta deild,Iceland,1746382500,20:15,Ended,,5,api
13306021,FH Hafnarfjörður,Valur Reykjavík,Efsta deild,Iceland,1746386100,21:15,Ended,,5,api
13306023,Afturelding,Stjarnan Garðabær,Efsta deild,Iceland,1746481500,23:45,Not started,,5,api
13306024,Breidablik Kópavogur,KR Reykjavík,Efsta deild,Iceland,1746480600,23:30,Not started,,5,api
13306089,Víkingur Reykjavík,Fram Reykjavík,Efsta deild,Iceland,1746470700,20:45,Not started,,5,api
12654018,Borneo FC Samarinda,Persija Jakarta,Indonesia Liga 1,Indonesia,1746353700,12:15,Ended,,31,api
12654020,Persik Kediri,Persebaya Surabaya,Indonesia Liga 1,Indonesia,1746441900,12:45,Ended,,31,api
12654030,Persis Solo,Arema FC,Indonesia Liga 1,Indonesia,1746439200,12:00,Ended,,31,api
13597565,Beitar Jerusalem,Maccabi Netanya,"Premier League, Championship Round",Israel,1746373500,17:45,Ended,,33,api
13597549,Maccabi Tel Aviv,Hapoel Be'er Sheva,"Premier League, Championship Round",Israel,1746463500,18:45,Not started,,33,api
13823152,Giana Erminio,Virtus Verona,"Lega Pro, Promotion Playoffs",Italy,1746371700,17:15,Ended,,1,api
13823151,Renate,Arzignano Valchiampo,"Lega Pro, Promotion Playoffs",Italy,1746377100,18:45,Ended,,1,api
13825999,Arezzo,Gubbio,"Lega Pro, Promotion Playoffs",Italy,1746383400,20:30,Ended,,1,api
13826341,Benevento,Juventus Next Gen U23,"Lega Pro, Promotion Playoffs",Italy,1746386100,21:15,Ended,,1,api
13826002,Catania,Giugliano,"Lega Pro, Promotion Playoffs",Italy,1746374400,18:00,Ended,,1,api
13826001,Pineto,Pianese,"Lega Pro, Promotion Playoffs",Italy,1746381600,20:00,Ended,,1,api
13826340,Potenza Calcio,AZ Picerno,"Lega Pro, Promotion Playoffs",Italy,1746373500,17:45,Ended,,1,api
13823153,Trento,Atalanta U23,"Lega Pro, Promotion Playoffs",Italy,1746381600,20:00,Ended,,1,api
13826000,Vis Pesaro,Pontedera,"Lega Pro, Promotion Playoffs",Italy,1746378900,19:15,Ended,,1,api
12598080,Sampdoria U20,Lazio U20,Primavera 1,Italy,1746348300,10:45,Ended,,36,api
12598088,Cesena U20,Hellas Verona U20,Primavera 1,Italy,1746371700,17:15,Ended,,36,api
12598091,Cremonese U20,Atalanta U20,Primavera 1,Italy,1746459000,17:30,Ended,,36,api
12598093,Fiorentina U20,Genoa U20,Primavera 1,Italy,1746461700,18:15,2nd half,,36,api
13482159,Vegalta Sendai,Fujieda MYFC,J.League 2,Japan,1746513000,08:30,Not started,,14,api
13482160,Kataller Toyama,V-Varen Nagasaki,J.League 2,Japan,1746510000,07:40,Not started,,14,api
13482161,Hokkaido Consadole Sapporo,Jubilo Iwata,J.League 2,Japan,1746508500,07:15,Not started,,14,api
13482162,Montedio Yamagata,Oita Trinita,J.League 2,Japan,1746516600,09:30,Not started,,14,api
13482164,Renofa Yamaguchi FC,Mito Hollyhock,J.League 2,Japan,1746508500,07:15,Not started,,14,api
13482165,Blaublitz Akita,Ventforet Kofu,J.League 2,Japan,1746512100,08:15,Not started,,14,api
13482166,Ehime FC,Iwaki FC,J.League 2,Japan,1746517500,09:45,Not started,,14,api
13482167,Roasso Kumamoto,FC Imabari,J.League 2,Japan,1746512100,08:15,Not started,,14,api
13482168,Tokushima Vortis,Sagan Tosu,J.League 2,Japan,1746507000,06:50,Not started,,14,api
13394593,JEF United Chiba,RB Omiya Ardija,J.League 2,Japan,1746517500,09:45,Not started,,14,api
13545645,FC Kaysar,Astana,Premier League,Kazakhstan,1746367200,16:00,Ended,,7,api
13545641,Yelimay Semey,FC Okzhetpes,Premier League,Kazakhstan,1746366300,15:45,Ended,,7,api
13545644,FC Tobol,FC Kyzylzhar,Premier League,Kazakhstan,1746376200,18:30,Ended,,7,api
13494611,Grobiņas SC,BFC Daugava Daugavpils,Virsliga,Latvia,1746355500,12:45,Ended,,11,api
13494613,FS Jelgava,RFS,Virsliga,Latvia,1746447300,14:15,Ended,,11,api
13494614,FK Auda,Riga FC,Virsliga,Latvia,1746445500,13:45,Ended,,11,api
13488998,FK Sūduva Marijampolė,FK Panevėžys,A Lyga,Lithuania,1746354600,12:30,Ended,,10,api
13488999,FK Kauno Žalgiris,FK Riteriai,A Lyga,Lithuania,1746363300,14:55,Ended,,10,api
13852579,Floriana FC,Ħamrun Spartans FC,"Premier League, Playoffs",Malta,1746456300,16:45,Not started,,28,api
13823535,CF Monterrey,Pumas UNAM,"Liga MX, Clausura Play-In",Mexico,1746404100,02:15,Ended,,,api
13823541,CDS Tampico Madero,Mineros de Zacatecas,"Liga de Expansion MX, Clausura, Playoffs",Mexico,1746391500,22:45,Ended,,28,api
13809851,FC Zimbru Chişinău,CSF Spartanii Selemet,"Super Liga, Championship Round",Moldova,1746367200,16:00,Ended,,8,api
13809852,Sheriff Tiraspol,FC Petrocub Hîncesti,"Super Liga, Championship Round",Moldova,1746387000,21:30,Ended,,8,api
13811425,CODM Meknès,RS Berkane,Botola Pro D1,Morocco,1746378000,19:00,Ended,,28,api
13811434,Difaâ Hassani El-Jadidi,Fath Union Sport,Botola Pro D1,Morocco,1746380700,19:45,Ended,,28,api
13811430,Hassania d'Agadir,Olympic Safi,Botola Pro D1,Morocco,1746393300,23:15,Ended,,28,api
13811428,MAS de Fès,Jeunesse Sportive Soualem,Botola Pro D1,Morocco,1746386100,21:15,Ended,,28,api
13811432,Moghreb Atlético Tetuán,Renaissance Zemamra,Botola Pro D1,Morocco,1746378000,19:00,Ended,,28,api
13811431,SC Chabab Mohammédia,Ittihad Tanger,Botola Pro D1,Morocco,1746378900,19:15,Ended,,28,api
13811426,Union Touarga Sport,Raja Club Athletic,Botola Pro D1,Morocco,1746391500,22:45,Ended,,28,api
13605588,Besa 1976,AP Brera Strumica,1. MFL,North Macedonia,1746367200,16:00,Ended,,30,api
13605587,FC Struga Trim & Lum,KF Shkëndija,1. MFL,North Macedonia,1746373500,17:45,Ended,,30,api
13605591,FK Rabotnički Skopje,FK Sileks Kratovo,1. MFL,North Macedonia,1746365400,15:30,Ended,,30,api
13605577,Voska Sport,Tikveš Kavadarci,1. MFL,North Macedonia,1746362700,14:45,Canceled,,30,api
13268486,Stabæk Fotball,Skeid,1st Division,Norway,1746361800,14:30,Ended,,5,api
13268487,Lyn FK,Hødd IL,1st Division,Norway,1746376200,18:30,Ended,,5,api
13335976,Lysekloster IL,Brattvåg,"2nd Division, Group 1",Norway,1746353700,12:15,Ended,,5,api
13335975,Vard Haugesund,SK Brann II,"2nd Division, Group 1",Norway,1746364500,15:15,Ended,,5,api
13779414,Nacional Asunción,Sportivo Ameliano,"División de Honor, Apertura",Paraguay,1746385200,21:00,Ended,,17,api
13779411,Libertad,Club Atlético Tembetary,"División de Honor, Apertura",Paraguay,1746409500,03:45,Ended,,17,api
13779412,General Caballero,Sportivo Trinidense,"División de Honor, Apertura",Paraguay,1746487800,01:30,Not started,,17,api
13820202,Manila Digger FC,DH Cebu FC,"Philippines Football League, Playoffs",Philippines,1746363600,15:00,Ended,,29,api
12420882,Miedź Legnica,OKS Odra Opole,I liga,Poland,1746345600,10:00,Ended,,31,api
12420883,MZKS Arka Gdynia,Bruk-Bet Termalica Nieciecza,I liga,Poland,1746352800,12:00,Ended,,31,api
12420888,ŁKS Łódź,Stal Rzeszów,I liga,Poland,1746372600,17:30,Ended,,31,api
12420881,Kotwica Kołobrzeg,Chrobry Głogów,I liga,Poland,1746473400,21:30,1st half,,31,api
12514456,FC Alverca,Paços de Ferreira,Liga Portugal 2,Portugal,1746348300,10:45,Ended,,32,api
12514458,Felgueiras,Benfica B,Liga Portugal 2,Portugal,1746358200,13:30,Ended,,32,api
12514460,CD Mafra,Leixões SC,Liga Portugal 2,Portugal,1746360000,14:00,Ended,,32,api
12514466,Marítimo,Feirense,Liga Portugal 2,Portugal,1746361800,14:30,Ended,,32,api
12514459,Tondela,Chaves,Liga Portugal 2,Portugal,1746370800,17:00,Ended,,32,api
12514465,Penafiel,Torreense,Liga Portugal 2,Portugal,1746467100,19:45,1st half,,32,api
13411580,Sporting CP B,Varzim SC,"Liga 3, Promotion Round",Portugal,1746371700,17:15,Ended,,12,api
13411577,C.F. Os Belenenses,AD Fafe,"Liga 3, Promotion Round",Portugal,1746379800,19:30,Ended,,12,api
13411653,Académica Coimbra,UD Santarém,"Liga 3, Relegation Round, Group 2",Portugal,1746363600,15:00,Ended,,10,api
13411594,SC Covilhã,Caldas SC,"Liga 3, Relegation Round, Group 2",Portugal,1746360000,14:00,Ended,,10,api
13411593,SC Lusitânia,Oliveira Hospital,"Liga 3, Relegation Round, Group 2",Portugal,1746370800,17:00,Ended,,10,api
13411601,Anadia,AD Sanjoanense,"Liga 3, Relegation Round, Group 1",Portugal,1746363600,15:00,Ended,,10,api
13411651,CD Trofense,SC Braga B,"Liga 3, Relegation Round, Group 1",Portugal,1746362700,14:45,Ended,,10,api
13411652,Vilaverdense FC,SC São João Ver,"Liga 3, Relegation Round, Group 1",Portugal,1746360900,14:15,Ended,,10,api
12653706,Sporting CP,SC Braga,"Campeonato Nacional, Women",Portugal,1746350100,11:15,Ended,,21,api
12653708,SCU Torreense,Valadares Gaia,"Campeonato Nacional, Women",Portugal,1746359100,13:45,Ended,,21,api
12653703,Estoril Praia,Racing Power Football Club,"Campeonato Nacional, Women",Portugal,1746370800,17:00,Ended,,21,api
13621276,FK Csíkszereda Miercurea Ciuc,FC Metaloglobus București,"Liga 2, Promotion Round",Romania,1746442800,13:00,Ended,,8,api
12493837,FC Ufa,Neftekhimik Nizhnekamsk,First League,Russia,1746354600,12:30,Ended,,31,api
12493835,Sokol Saratov,FC Tyumen,First League,Russia,1746358200,13:30,Ended,,31,api
12493843,Rotor Volgograd,Enisey Krasnoyarsk,First League,Russia,1746360000,14:00,Ended,,31,api
12493844,Rodina Moscow,Ural Yekaterinburg,First League,Russia,1746385200,21:00,Ended,,31,api
12246923,Lion City Sailors,Geylang International,Premier League,Singapore,1746360900,14:15,Ended,,33,api
13557968,FC Spartak Trnava,FC Košice,"Niké Liga, Championship Round",Slovakia,1746369900,16:45,Ended,,8,api
13557969,Dukla Banská Bystrica,MFK Ružomberok,"Niké Liga, Relegation Round",Slovakia,1746372600,17:30,Ended,,8,api
12483712,ND Primorje,NK Celje,PrvaLiga,Slovenia,1746370800,17:00,Ended,,33,api
12483713,FC Koper,NK Domžale,PrvaLiga,Slovenia,1746391500,22:45,Ended,,33,api
13292621,Örgryte IS,Falkenbergs FF,Superettan,Sweden,1746357300,13:15,Ended,,6,api
13292609,IK Brage,Östersunds FK,Superettan,Sweden,1746472500,21:15,1st half,,6,api
13292619,Örebro SK,Trelleborgs FF,Superettan,Sweden,1746465300,19:15,1st half,,6,api
13549045,Nordic United FC,Team TG FF,"Ettan, Norra",Sweden,1746353700,12:15,Ended,,6,api
13549034,Gefle IF,IFK Stocksund,"Ettan, Norra",Sweden,1746366300,15:45,Ended,,6,api
13549029,Karlbergs BK,IF Karlstad Fotboll,"Ettan, Norra",Sweden,1746360000,14:00,Ended,,6,api
13549046,Örebro Syrianska BK,FC Stockholm Internazionale,"Ettan, Norra",Sweden,1746363600,15:00,Ended,,6,api
13549044,Assyriska FF,Vasalunds IF,"Ettan, Norra",Sweden,1746471600,21:00,1st half,,6,api
13342525,Hässleholms IF,Ljungskile SK,"Ettan, Sodra",Sweden,1746358200,13:30,Ended,,6,api
13342522,BK Olympic,FC Rosengård,"Ettan, Sodra",Sweden,1746468900,20:15,1st half,,6,api
13292726,Alingsås IF Fotboll,Rosengård,Damallsvenskan,Sweden,1746366300,15:45,Ended,,6,api
13292729,IF Brommapojkarna,Piteå IF,Damallsvenskan,Sweden,1746357300,13:15,Ended,,6,api
13809801,Djurgårdens IF DFF,Norrköping DFK,Damallsvenskan,Sweden,1746467100,19:45,1st half,,6,api
13292728,Hammarby IF,BK Häcken FF,Damallsvenskan,Sweden,1746464400,19:00,1st half,,6,api
13801237,Basel,Servette FC,"Super League, Championship Round",Switzerland,1746370800,17:00,Ended,,34,api
13801239,FC Luzern,FC Lugano,"Super League, Championship Round",Switzerland,1746375300,18:15,Ended,,34,api
13801218,FC Sion,FC Zürich,"Super League, Relegation Round",Switzerland,1746358200,13:30,Ended,,34,api
13801219,Yverdon-Sport FC,FC St. Gallen 1879,"Super League, Relegation Round",Switzerland,1746363600,15:00,Postponed,,34,api
13262754,FC Wil 1900,Schaffhausen,Challenge League,Switzerland,1746353700,12:15,Ended,,33,api
13809197,AS Soliman,US Tataouine,Ligue 1,Tunisia,1746361800,14:30,Ended,,28,api
13809202,Avenir Sportif De Gabes,JS Omrane,Ligue 1,Tunisia,1746369000,16:30,Ended,,28,api
13809196,CA Bizertin,Club Africain,Ligue 1,Tunisia,1746366300,15:45,Ended,,28,api
13809198,Etoile Sportive Du Sahel,EGS Gafsa,Ligue 1,Tunisia,1746372600,17:30,Ended,,28,api
12482003,LNZ Cherkasy,Zorya Luhansk,Premier League,Ukraine,1746344700,09:45,Ended,,27,api
12481969,Kolos Kovalivka,Vorskla Poltava,Premier League,Ukraine,1746355500,12:45,Ended,,27,api
12482006,Polissya Zhytomyr,Oleksandria,Premier League,Ukraine,1746374400,18:00,Ended,,27,api
13810134,Montevideo City Torque,Progreso,"Liga AUF Uruguaya, Apertura",Uruguay,1746365400,15:30,Ended,,14,api
13810135,Juventud de Las Piedras,Liverpool UY,"Liga AUF Uruguaya, Apertura",Uruguay,1746375300,18:15,Ended,,14,api
13810138,Miramar Misiones,River Plate UY,"Liga AUF Uruguaya, Apertura",Uruguay,1746391500,22:45,Ended,,14,api
13531722,Quy Nhơn Bình Định FC,Hoàng Anh Gia Lai,V-League 1,Vietnam,1746349200,11:00,Ended,,21,api
13526149,Đông Á Thanh Hóa,Hồ Chí Minh City,V-League 1,Vietnam,1746355500,12:45,Ended,,21,api
13526150,Hà Nội,Nam Định,V-League 1,Vietnam,1746361800,14:30,Ended,,21,api
13526170,Quảng Nam,Công An Hà Nội,V-League 1,Vietnam,1746440100,12:15,Ended,,21,api
13526164,Becamex Bình Dương,Công An Hà Nội,V-League 1,Vietnam,1746450900,15:15,Postponed,,23,api
13637719,Connah's Quay Nomads,The New Saints,FAW Welsh Cup,Wales,1746369900,16:45,Ended,,29,api
